<?xml version="1.0" encoding="UTF-8"?><metadata xmlns:xsi="http://www.w3.org/2001/XMLSchema-instance" xsi:noNamespaceSchemaLocation="http://www.conabio.gob.mx/informacion/gis/schemas/fgdc/fgdc-std-001-1998.xsd"><idinfo><citation><citeinfo><origin>Garc&#x00ED;a, E. (1990). &apos;Moda de precipitaci&#x00F3;n anual&apos; en Moda o valor m&#x00E1;s frecuente de precipitaci&#x00F3;n. IV.4.8. Atlas Nacional de M&#x00E9;xico. Vol. II. Escala 1:8000000. Instituto de Geograf&#x00ED;a. UNAM. M&#x00E9;xico</origin><pubdate>20010723</pubdate><title>Moda de precipitaci&#x00F3;n anual</title><geoform>Shapefile. Formato vectorial compuesto por 4 archivos (shp, shx, dbf,prj)</geoform><othercit>8000000</othercit></citeinfo></citation><descript><abstract>Este mapa presenta los intervalos, en mil&#x00ED;metros, de precipitaci&#x00F3;n anual modal de M&#x00E9;xico, en escala 1: 8000000.</abstract><purpose>No conocido</purpose></descript><timeperd><timeinfo><sngdate><caldate>00000000</caldate></sngdate></timeinfo><current>Los datos comprenden el periodo de 1921-1980.</current></timeperd><status><progress>Complete</progress><update>No planeado</update></status><spdom><bounding><westbc>-118.390378</westbc><eastbc>-86.659923</eastbc><northbc>32.736646</northbc><southbc>14.566166</southbc></bounding></spdom><keywords><theme><themekt>ESTRUCTURA</themekt><themekey>clima</themekey><themekey>precip</themekey><themekey>ppamoda8mcw</themekey></theme><theme><themekt>CONABIO</themekt><themekey>Climatolog&#x00ED;a Precipitaci&#x00F3;n 1:8000000 Aspecto fisico Climatologia Precipitacion </themekey></theme><place><placekt>CONABIO</placekt><placekey>Nacional </placekey></place></keywords><accconst>Sin restricciones</accconst><useconst>Sin restricciones</useconst><browse><browsen>http://www.conabio.gob.mx/informacion/gis/layouts/ppamoda8mgw.png</browsen><browsed>Mapa ilustrativo de Moda de precipitaci&#x00F3;n anual</browsed><browset>png</browset></browse><native>SIG ARC-INFO, versi&#x00F3;n 9.2 y SUNW,Sun-Fire-V890; sparc; sun4u, UNIX</native></idinfo><dataqual><logic>Gabinete</logic><complete>No conocido</complete><lineage><srcinfo><srccite><citeinfo><origin>No conocido</origin><pubdate>00000000</pubdate><title>No conocido</title></citeinfo></srccite><srcscale>8000000</srcscale><typesrc>Impreso</typesrc><srctime><timeinfo><sngdate><caldate>00000000</caldate></sngdate></timeinfo><srccurr>No conocido</srccurr></srctime><srccitea>No conocido</srccitea><srccontr>Atlas Nacional de M&#x00E9;xico. Vol. II. Instituto de Geograf&#x00ED;a. UNAM.</srccontr></srcinfo><procstep><procdesc>Se digitaliz&#x00F3; la carta en el SIG INTERGRAPH y se export&#x00F3; al SIG ARC/INFO.</procdesc><procdate>00000000</procdate></procstep></lineage></dataqual><spdoinfo><direct>Vector</direct><ptvctinf><sdtsterm ><sdtstype>G-polygon</sdtstype><ptvctcnt>149</ptvctcnt></sdtsterm></ptvctinf></spdoinfo><spref><horizsys><planar><mapproj><mapprojn>Lambert Conformal Conic</mapprojn><lambertc><stdparll>17.50000</stdparll><stdparll>29.50000</stdparll><longcm>-102</longcm><latprjo>12</latprjo><feast>2500000</feast><fnorth>0</fnorth></lambertc></mapproj><planci><plance>coordinate pair</plance><coordrep><absres>0.000001</absres><ordres>0.000001</ordres></coordrep><plandu>Meters</plandu></planci></planar><geodetic><horizdn>WGS84</horizdn><ellips>WGS84</ellips><semiaxis>6378137.000000</semiaxis><denflat>298.257224</denflat></geodetic></horizsys></spref><eainfo><detailed><enttyp><enttypl>PPAMODA8MCW.DBF</enttypl><enttypd>Se presentan los intervalos, en mil&#x00ED;metros, de precipitaci&#x00F3;n modal anual a escala 1:8000000</enttypd><enttypds>No conocido</enttypds></enttyp><attr><attrlabl>Area</attrlabl><attrdef>Num&#x00E9;rico</attrdef><attrdefs>Calculado por ARC/INFO.</attrdefs><attrdomv><udom>&#x00C1;rea del pol&#x00ED;gono asociado a un intervalo de precipitaci&#x00F3;n modal anual.</udom></attrdomv><attrvai><attrva>1</attrva><attrvae>Metros cuadrados</attrvae></attrvai></attr><attr><attrlabl>Perimeter</attrlabl><attrdef>Num&#x00E9;rico</attrdef><attrdefs>Calculado por ARC/INFO</attrdefs><attrdomv><udom>Per&#x00ED;metro del pol&#x00ED;gono asociado a un intervalo de precipitaci&#x00F3;n modal anual.</udom></attrdomv><attrvai><attrva>1</attrva><attrvae>Metros</attrvae></attrvai></attr><attr><attrlabl>Moda_en_mm</attrlabl><attrdef>Car&#x00E1;cter</attrdef><attrdefs>Determinado por el proyecto.</attrdefs><attrdomv><udom>Valores de precipitaci&#x00F3;n modal anual en mil&#x00ED;metros.</udom></attrdomv><attrvai><attrva>1</attrva><attrvae>mm</attrvae></attrvai></attr></detailed></eainfo><distinfo><distrib><cntinfo><cntorgp><cntorg>CONABIO</cntorg><cntper>Jose Manuel Davila Rosas</cntper></cntorgp><cntpos>Subdirector de Sistemas de Informaci&#x00F3;n Geogr&#x00E1;fica</cntpos><cntaddr><addrtype>mailing and physical address</addrtype><address>Liga Perif&#x00E9;rico Insurgentes Sur Num. 4903 1er piso. Col. Parques del Pedregal. Delg. Tlalpan</address><city>Ciudad de M&#x00E9;xico</city><state>D.F.</state><postal>14010</postal><country>M&#x00E9;xico</country></cntaddr><cntvoice>50045012</cntvoice><cntfax>50044931</cntfax><cntemail>jdavila@conabio.gob.mx</cntemail><hours>Lunes a Viernes de las 8 hasta 18 hrs.</hours></cntinfo></distrib><resdesc>ppamoda8mcw</resdesc><distliab>No se permite utilizar estos datos con fines lucrativos y se debe citar la fuente del mapa y a CONABIO. La Subdirecci&#x00F3;n de Sistemas de Informaci&#x00F3;n Geogr&#x00E1;fica de la CONABIO solo se hace responsable de la informaci&#x00F3;n presentada en el mapa y se deslinda del uso que se le de a la misma.</distliab><stdorder><digform><digtinfo><formname>ESRI Shapefile(SHP)</formname><formverd>199807</formverd><filedec>compactado en ZIP</filedec><transize>1.00</transize></digtinfo><digtopt><onlinopt><computer><networka><networkr> http://www.conabio.gob.mx/informacion/gis/maps/geo/ppamoda8mgw.zip</networkr></networka></computer><accinstr>Coordenadas geogr&#x00E1;ficas WGS84. (EPSG:4326). Formato vectorial de almacenamiento de elementos geogr&#x00E1;ficos y sus atributos asociados. </accinstr></onlinopt><onlinopt><computer><networka><networkr> http://www.conabio.gob.mx/informacion/gis/maps/ccl/ppamoda8mgw_c.zip</networkr></networka></computer><accinstr>Proyecci&#x00F3;n C&#x00F3;nica Conforme de Lambert WGS84. (EPSG:48402). Formato vectorial de almacenamiento de elementos geogr&#x00E1;ficos y sus atributos asociados. </accinstr></onlinopt></digtopt></digform><digform><digtinfo><formname>Google Earth KML</formname><formvern>2.2</formvern><filedec>compactado como KMZ</filedec></digtinfo><digtopt><onlinopt><computer><networka><networkr>  http://www.conabio.gob.mx/informacion/explorer/wms/kml?layers=ppamoda8mgw&amp;mode=download&amp;legend=true</networkr></networka></computer><accinstr>Coordenadas geogr&#x00E1;ficas WGS84. (EPSG:4326). Los archivos KML representan datos geogr&#x00E1;ficos para Google Earth, a menudo suelen distribuirse comprimidos como KMZ.</accinstr></onlinopt></digtopt></digform><digform><digtinfo><formname>Servicio de im&#x00E1;genes (WMS)</formname><formvern>1.1.1</formvern></digtinfo><digtopt><onlinopt><computer><networka><networkr>http://www.conabio.gob.mx/informacion/explorer/wms?Format=image.png&amp;request=GetMap&amp;version=1.1.1&amp;width=800&amp;height=424&amp;srs=EPSG:4326&amp;bbox=-120.0,13.8,-85.1,33.5&amp;layers=ppamoda8mgw</networkr></networka></computer><accinstr>Coordenadas geogr&#x00E1;ficas WGS84. (EPSG:4326). Servicio Web Map Service. Los mapas de datos referenciados espacialmente producidos se generan normalmente en un formato de imagen como PNG,.png o JPEG, pueden se vistos en un SIG </accinstr></onlinopt></digtopt></digform><fees>Acceso libre sin ning&#x00FA;n cargo al p&#x00FA;blico en general.</fees></stdorder><techpreq>Tener Arc/info, Arcview o sistemas compatibles, en caso que existan se pueden visualizar en Google Earth KML y/o conexi&#x00F3;n al servicio WMS.</techpreq></distinfo><metainfo><metd>20080311</metd><metc><cntinfo><cntorgp><cntorg>CONABIO</cntorg></cntorgp><cntpos>Pedro Diaz</cntpos><cntaddr><addrtype>mailing and physical address</addrtype><address>Liga Perif&#x00E9;rico Insurgentes Sur Num. 4903 1er piso. Col. Parques del Pedregal. Delg. Tlalpan</address><city>Ciudad de M&#x00E9;xico</city><state>D.F.</state><postal>14010</postal><country>M&#x00E9;xico</country></cntaddr><cntvoice>50045018 50044938</cntvoice><cntfax>50044931</cntfax><cntemail>ssig@conabio.gob.mx</cntemail><hours>Lunes a Viernes de 8 a 18 hrs.</hours></cntinfo></metc><metstdn>FGDC Content Standards for Digital Geospatial Metadata, 1998</metstdn><metstdv>FGDC-STD-001-1998 version 2.0</metstdv></metainfo></metadata>